unique_carrier,yearmonth,departures_scheduled,departures_performed,seats,passengers,distance,ramp_to_ramp,air_time
AA,2010-01,46707.0,45554.0,6969569.0,5127194.0,803590.0,7600707.0,6518082.0
AA,2010-02,42424.0,40148.0,6147444.0,4637717.0,824712.0,6758904.0,5759697.0
AA,2010-03,47535.0,46973.0,7184484.0,5902746.0,905864.0,7818154.0,6684643.0
AA,2010-04,44829.0,44530.0,6823515.0,5618940.0,883584.0,7390606.0,6362800.0
AA,2010-05,45770.0,44965.0,6910981.0,5746860.0,874970.0,7528761.0,6451226.0
AA,2010-06,45203.0,44182.0,6768307.0,5913178.0,942326.0,7376891.0,6284284.0
AA,2010-07,46693.0,46125.0,7055730.0,6109451.0,847402.0,7694232.0,6542425.0
AA,2010-08,46524.0,46137.0,7068243.0,5835817.0,854023.0,7597259.0,6480676.0
AA,2010-09,43603.0,43294.0,6663218.0,5186443.0,827723.0,7073010.0,6086195.0
AA,2010-10,44810.0,44431.0,6851363.0,5691822.0,780412.0,7234555.0,6251074.0
AA,2010-11,43252.0,43133.0,6659370.0,5328819.0,760763.0,7088866.0,6140469.0
AA,2010-12,45812.0,44707.0,6910081.0,5443753.0,799570.0,7405923.0,6389598.0
AA,2011-01,46273.0,44792.0,6917564.0,5040076.0,784788.0,7431266.0,6404600.0
AA,2011-02,41926.0,39193.0,6070710.0,4571804.0,786667.0,6588658.0,5660913.0
AA,2011-03,46871.0,46045.0,7122306.0,5732669.0,818455.0,7642612.0,6609165.0
AA,2011-04,45428.0,44244.0,6818378.0,5528658.0,955543.0,7401326.0,6362600.0
AA,2011-05,46490.0,43938.0,6774485.0,5721347.0,929548.0,7329667.0,6293246.0
AA,2011-06,46001.0,44960.0,6904698.0,5942201.0,788276.0,7372363.0,6317557.0
AA,2011-07,47433.0,46436.0,7123335.0,6145183.0,726179.0,7575840.0,6478774.0
AA,2011-08,47160.0,45563.0,6992701.0,5797772.0,799073.0,7412806.0,6339327.0
AA,2011-09,43780.0,43431.0,6686974.0,5359746.0,778563.0,7050000.0,6057585.0
AA,2011-10,44609.0,44383.0,6814977.0,5674796.0,727689.0,7172058.0,6176900.0
AA,2011-11,41544.0,41373.0,6371046.0,5292957.0,750478.0,6795659.0,5870119.0
AA,2011-12,43027.0,42758.0,6625155.0,5273683.0,779237.0,7104852.0,6129296.0
AA,2012-01,43864.0,43146.0,6683918.0,5053597.0,724554.0,7100659.0,6127255.0
AA,2012-02,41912.0,41447.0,6423486.0,4913168.0,715125.0,6806388.0,5880656.0
AA,2012-03,46297.0,45574.0,7080074.0,5861305.0,795548.0,7466780.0,6423686.0
AA,2012-04,44049.0,42429.0,6569276.0,5467083.0,803218.0,6952083.0,5998502.0
AA,2012-05,45384.0,45085.0,6980622.0,5885590.0,778845.0,7393150.0,6331562.0
AA,2012-06,43818.0,43178.0,6668927.0,5834710.0,811214.0,7050637.0,6024277.0
AA,2012-07,45059.0,44521.0,6846857.0,5938937.0,835540.0,7370575.0,6284650.0
AA,2012-08,44872.0,44035.0,6761845.0,5745713.0,797572.0,7282953.0,6208859.0
AA,2012-09,41980.0,40695.0,6261443.0,4981835.0,713939.0,6808088.0,5752923.0
AA,2012-10,43276.0,42096.0,6447108.0,5364544.0,710204.0,6958987.0,5917234.0
AA,2012-11,42042.0,41708.0,6401649.0,5249822.0,702647.0,6880143.0,5888344.0
AA,2012-12,44908.0,44057.0,6733680.0,5398006.0,776394.0,7428961.0,6350234.0
AA,2013-01,44975.0,44118.0,6690869.0,5211513.0,719333.0,7362334.0,6326309.0
AA,2013-02,40907.0,40078.0,6062340.0,4836985.0,711508.0,6683220.0,5745537.0
AA,2013-03,45766.0,45339.0,6822747.0,5688958.0,758245.0,7546380.0,6494466.0
AA,2013-04,44440.0,43474.0,6478549.0,5400499.0,788615.0,7258623.0,6203979.0
AA,2013-05,46039.0,45435.0,6755912.0,5737817.0,830959.0,7555979.0,6451778.0
AA,2013-06,45539.0,44900.0,6674091.0,5842120.0,832027.0,7439429.0,6324442.0
AA,2013-07,47534.0,46658.0,6931424.0,5986657.0,813058.0,7704713.0,6548992.0
AA,2013-08,47126.0,46608.0,6924021.0,5791697.0,816879.0,7628295.0,6518303.0
AA,2013-09,43255.0,43004.0,6370496.0,5030122.0,738415.0,6965672.0,5953363.0
AA,2013-10,45314.0,45270.0,6705794.0,5558825.0,720569.0,7379761.0,6318335.0
AA,2013-11,43314.0,42641.0,6379218.0,5062179.0,759797.0,7011511.0,6030532.0
AA,2013-12,45859.0,42887.0,6473474.0,5400062.0,772773.0,7313377.0,6247357.0
AA,2014-01,45558.0,43981.0,6611615.0,5242462.0,771952.0,7392960.0,6320660.0
AA,2014-02,41210.0,39249.0,5896562.0,4839965.0,756584.0,6675939.0,5689220.0
AA,2014-03,46417.0,45547.0,6826735.0,5764500.0,753081.0,7705792.0,6584550.0
AA,2014-04,43769.0,43634.0,6497105.0,5530368.0,752505.0,7364331.0,6314569.0
AA,2014-05,45984.0,44918.0,6686925.0,5811266.0,889879.0,7536157.0,6424930.0
AA,2014-06,46170.0,45663.0,6783822.0,5984529.0,837641.0,7712434.0,6515801.0
AA,2014-07,47726.0,47132.0,6999870.0,6177389.0,805586.0,7966133.0,6751998.0
AA,2014-08,46428.0,45971.0,6826635.0,5889791.0,834588.0,7745099.0,6550261.0
AA,2014-09,43381.0,43127.0,6396546.0,5186089.0,672107.0,7160773.0,6084093.0
AA,2014-10,45246.0,44878.0,6671728.0,5612765.0,740350.0,7527387.0,6381446.0
AA,2014-11,42653.0,42416.0,6426738.0,5117243.0,723015.0,7165348.0,6110359.0
AA,2014-12,45509.0,45172.0,6933191.0,5588290.0,769056.0,7759009.0,6591277.0
AA,2015-01,44198.0,43290.0,6652976.0,5162734.0,766338.0,7377128.0,6264201.0
AA,2015-02,39955.0,37397.0,5750695.0,4703114.0,699874.0,6444618.0,5437391.0
AA,2015-03,46098.0,44657.0,6879387.0,5750242.0,782447.0,7682083.0,6519188.0
AA,2015-04,45024.0,44668.0,6878772.0,5725661.0,839385.0,7703412.0,6512787.0
AA,2015-05,44955.0,44065.0,6790347.0,5744058.0,848471.0,7640724.0,6466302.0
AA,2015-06,44584.0,44042.0,6809242.0,5983555.0,880815.0,7652708.0,6439287.0
AA,2015-07,81694.0,81141.0,12497241.0,11124907.0,1536657.0,13428147.0,11236536.0
AA,2015-08,80053.0,79294.0,12192093.0,10681235.0,1648419.0,13069139.0,10931080.0
AA,2015-09,73541.0,73283.0,11221846.0,9493450.0,1592039.0,11770668.0,9830253.0
AA,2015-10,77526.0,76926.0,11813423.0,10308524.0,1641171.0,12298839.0,10261588.0
AA,2015-11,74132.0,73660.0,11396399.0,9590796.0,1671077.0,11845727.0,9888827.0
AA,2015-12,76894.0,75694.0,11777827.0,9817766.0,1738409.0,12499674.0,10470940.0
AA,2016-01,75822.0,73120.0,11398362.0,9117620.0,1697138.0,11878854.0,9930150.0
AA,2016-02,71609.0,70623.0,11019135.0,8688620.0,1573028.0,11481086.0,9579360.0
AA,2016-03,79323.0,78890.0,12374467.0,10303660.0,1578085.0,13024243.0,10895576.0
AA,2016-04,75073.0,74451.0,11623022.0,9693080.0,1613586.0,12197499.0,10195670.0
AA,2016-05,78977.0,78516.0,12236207.0,10375904.0,1656523.0,12885912.0,10718241.0
AA,2016-06,79997.0,79188.0,12293729.0,10678466.0,1746345.0,13351416.0,11094723.0
AA,2016-07,82093.0,80663.0,12573045.0,10818345.0,1793107.0,13659678.0,11347908.0
AA,2016-08,80643.0,79185.0,12351636.0,10214826.0,1844124.0,13240274.0,10941481.0
AA,2016-09,72602.0,72451.0,11311543.0,9299410.0,1513753.0,11639386.0,9610083.0
AA,2016-10,75280.0,74567.0,11644583.0,9752974.0,1552313.0,12037254.0,9976375.0
AA,2016-11,71909.0,71799.0,11308557.0,9293730.0,1588729.0,11601601.0,9661240.0
AA,2016-12,73943.0,73437.0,11604526.0,9403043.0,1570439.0,12367203.0,10337532.0
AA,2017-01,73354.0,72391.0,11421113.0,8921273.0,1601635.0,12036773.0,10015368.0
AA,2017-02,67253.0,66467.0,10494769.0,8366798.0,1479525.0,10875895.0,9070260.0
AA,2017-03,78315.0,77094.0,12206904.0,10300257.0,1517029.0,12797240.0,10643408.0
AA,2017-04,73845.0,73143.0,11560015.0,9679587.0,1571461.0,12086439.0,10031260.0
AA,2017-05,77504.0,77063.0,12143485.0,10215175.0,1516428.0,12758488.0,10578412.0
AA,2017-06,77446.0,76149.0,11999777.0,10335637.0,1633735.0,12996567.0,10751862.0
AA,2017-07,79838.0,78319.0,12371675.0,10571644.0,1690669.0,13405973.0,11091881.0
AA,2017-08,79559.0,78576.0,12405197.0,10458149.0,1706421.0,13291657.0,11010174.0
AA,2017-09,72263.0,69010.0,10853216.0,8913394.0,1507017.0,11140459.0,9232583.0
AA,2017-10,75909.0,75654.0,11905130.0,10256893.0,1491923.0,12247889.0,10160305.0
AA,2017-11,69794.0,69726.0,11025530.0,9531342.0,1546077.0,11304005.0,9421275.0
AA,2017-12,73908.0,73594.0,11671656.0,9757169.0,1654646.0,12441730.0,10350041.0
AA,2018-01,73785.0,72296.0,11456920.0,9063358.0,1535975.0,12110383.0,10061564.0
AA,2018-02,68581.0,67712.0,10708619.0,8788047.0,1554650.0,11328439.0,9398985.0
AA,2018-03,78407.0,75893.0,12018207.0,10446771.0,1520135.0,12614963.0,10525381.0
AA,2018-04,74580.0,74159.0,11711267.0,9914151.0,1660897.0,12250770.0,10198428.0
AA,2018-05,78235.0,77295.0,12183845.0,10399663.0,1642763.0,12819286.0,10634650.0
AA,2018-06,78674.0,77266.0,12191042.0,10672106.0,1624620.0,13014186.0,10779033.0
AA,2018-07,81066.0,79178.0,12522519.0,10924877.0,1604098.0,13442023.0,11097667.0
AA,2018-08,80777.0,79368.0,12553096.0,10631386.0,1694083.0,13371916.0,11017987.0
AA,2018-09,75402.0,74015.0,11707801.0,9042830.0,1631407.0,12155702.0,10029604.0
AA,2018-10,79174.0,78569.0,12424055.0,10307105.0,1596667.0,12780018.0,10569451.0
AA,2018-11,74693.0,74204.0,11835706.0,9905071.0,1639184.0,12052417.0,9986348.0
AA,2018-12,76344.0,75032.0,12027129.0,9788721.0,1881427.0,12420211.0,10320691.0
AA,2019-01,77200.0,75696.0,12154183.0,9568310.0,1692431.0,12371562.0,10237951.0
AA,2019-02,71236.0,70376.0,11285898.0,9255243.0,1712892.0,11570259.0,9574583.0
AA,2019-03,80154.0,78431.0,12573811.0,10914442.0,1637427.0,12853940.0,10704039.0
AA,2019-04,77016.0,74409.0,11857840.0,10197906.0,1734772.0,12083740.0,10024297.0
AS,2010-01,9903.0,10665.0,1499156.0,1066857.0,426968.0,1724772.0,1511681.0
AS,2010-02,9096.0,9641.0,1358781.0,1002885.0,406035.0,1544870.0,1356425.0
AS,2010-03,10379.0,11118.0,1565207.0,1242858.0,402777.0,1793006.0,1579878.0
AS,2010-04,10113.0,10914.0,1537361.0,1190060.0,361869.0,1740153.0,1537823.0
AS,2010-05,11034.0,11782.0,1667809.0,1278606.0,418708.0,1901093.0,1683280.0
AS,2010-06,11759.0,12545.0,1788497.0,1432571.0,451279.0,2063603.0,1821256.0
AS,2010-07,12180.0,13144.0,1867717.0,1547721.0,397909.0,2158901.0,1902508.0
AS,2010-08,12229.0,13050.0,1855953.0,1532475.0,401450.0,2145453.0,1885448.0
AS,2010-09,10787.0,11716.0,1651808.0,1282026.0,423036.0,1904790.0,1679700.0
AS,2010-10,10779.0,11807.0,1662653.0,1274562.0,393000.0,1950328.0,1724086.0
AS,2010-11,10310.0,11212.0,1574958.0,1250058.0,430999.0,1886580.0,1659070.0
AS,2010-12,10644.0,11664.0,1637450.0,1324029.0,422606.0,1961357.0,1727580.0
AS,2011-01,10547.0,11586.0,1639788.0,1202106.0,448713.0,1942649.0,1710542.0
AS,2011-02,8236.0,10531.0,1495253.0,1140642.0,422751.0,1779659.0,1569388.0
AS,2011-03,10987.0,12063.0,1710969.0,1416726.0,468633.0,2018084.0,1788057.0
AS,2011-04,10833.0,11864.0,1690151.0,1340786.0,455739.0,1968849.0,1745405.0
AS,2011-05,11303.0,12294.0,1743980.0,1390226.0,454429.0,2000125.0,1769961.0
AS,2011-06,11967.0,13038.0,1863835.0,1497356.0,431464.0,2132652.0,1885644.0
AS,2011-07,12352.0,13485.0,1916783.0,1598034.0,445143.0,2204487.0,1945235.0
AS,2011-08,12337.0,13455.0,1918626.0,1608120.0,446137.0,2194738.0,1939434.0
AS,2011-09,10934.0,12010.0,1718944.0,1370985.0,440406.0,1968242.0,1741479.0
AS,2011-10,10863.0,12099.0,1726358.0,1330399.0,407062.0,1997824.0,1767678.0
AS,2011-11,9172.0,11388.0,1622938.0,1322685.0,454061.0,1930418.0,1702840.0
AS,2011-12,10268.0,11616.0,1643362.0,1361679.0,443458.0,2003307.0,1765075.0
AS,2012-01,10098.0,11174.0,1581804.0,1233784.0,445083.0,1945909.0,1713563.0
AS,2012-02,9654.0,10932.0,1554528.0,1230013.0,433248.0,1860095.0,1650572.0
AS,2012-03,10791.0,12209.0,1723180.0,1451263.0,439308.0,2074793.0,1838973.0
AS,2012-04,10586.0,12073.0,1696679.0,1396489.0,458191.0,2036012.0,1814132.0
AS,2012-05,11242.0,12779.0,1807307.0,1482890.0,469796.0,2172378.0,1929882.0
AS,2012-06,11948.0,13475.0,1920699.0,1600768.0,479619.0,2293768.0,2034751.0
AS,2012-07,12425.0,14001.0,2009775.0,1686700.0,448523.0,2375972.0,2104300.0
AS,2012-08,12322.0,13869.0,1974527.0,1683422.0,507779.0,2350533.0,2084981.0
AS,2012-09,10720.0,12150.0,1733177.0,1404329.0,510461.0,2074158.0,1842111.0
AS,2012-10,10764.0,12171.0,1729931.0,1399553.0,489787.0,2088005.0,1854359.0
AS,2012-11,10241.0,11911.0,1698618.0,1403336.0,540414.0,2108594.0,1877663.0
AS,2012-12,10347.0,12156.0,1730176.0,1438360.0,526684.0,2191357.0,1942372.0
AS,2013-01,10248.0,12142.0,1725614.0,1366078.0,514224.0,2182725.0,1934026.0
AS,2013-02,9375.0,11032.0,1572105.0,1276101.0,505488.0,1961454.0,1743960.0
AS,2013-03,11014.0,12861.0,1844273.0,1560483.0,539348.0,2284350.0,2036498.0
AS,2013-04,11115.0,12716.0,1828230.0,1506437.0,551534.0,2230543.0,1984228.0
AS,2013-05,11765.0,13241.0,1908594.0,1577419.0,502338.0,2295884.0,2039689.0
AS,2013-06,12646.0,14164.0,2043287.0,1701812.0,557428.0,2432249.0,2158129.0
AS,2013-07,13336.0,14918.0,2152913.0,1822190.0,555792.0,2553094.0,2258033.0
AS,2013-08,13180.0,14706.0,2126693.0,1800309.0,556415.0,2519619.0,2229924.0
AS,2013-09,11570.0,12836.0,1864778.0,1474639.0,561160.0,2175046.0,1920543.0
AS,2013-10,11549.0,12856.0,1870883.0,1481462.0,549933.0,2180979.0,1927246.0
AS,2013-11,10962.0,12466.0,1815472.0,1414868.0,604671.0,2205414.0,1956385.0
AS,2013-12,11067.0,12707.0,1842839.0,1554547.0,602977.0,2279941.0,2012190.0
AS,2014-01,10925.0,12441.0,1816001.0,1413316.0,647101.0,2220418.0,1966190.0
AS,2014-02,9907.0,11388.0,1669298.0,1349852.0,593249.0,2013681.0,1783626.0
AS,2014-03,11350.0,13077.0,1920031.0,1619258.0,617343.0,2350324.0,2093482.0
AS,2014-04,10327.0,12827.0,1884007.0,1566748.0,593107.0,2269060.0,2021068.0
AS,2014-05,10578.0,13419.0,1973512.0,1632731.0,570180.0,2346060.0,2082739.0
AS,2014-06,12871.0,14355.0,2128252.0,1785096.0,660522.0,2490030.0,2199410.0
AS,2014-07,12902.0,15184.0,2278931.0,1943008.0,657060.0,2623407.0,2311997.0
AS,2014-08,13516.0,15300.0,2305696.0,1940600.0,685737.0,2612393.0,2299439.0
AS,2014-09,12260.0,13448.0,2032486.0,1602613.0,686623.0,2321712.0,2047801.0
AS,2014-10,12597.0,13587.0,2046019.0,1623993.0,665645.0,2364101.0,2087611.0
AS,2014-11,11490.0,13226.0,2001487.0,1576107.0,718804.0,2352118.0,2072068.0
AS,2014-12,11574.0,13800.0,2085934.0,1711242.0,713440.0,2472444.0,2178418.0
AS,2015-01,11117.0,13420.0,2052245.0,1575073.0,714765.0,2392608.0,2102626.0
AS,2015-02,10182.0,12313.0,1883015.0,1510363.0,673077.0,2165725.0,1911163.0
AS,2015-03,12337.0,14499.0,2210385.0,1854296.0,708324.0,2594645.0,2295980.0
AS,2015-04,12311.0,14139.0,2158703.0,1751715.0,743376.0,2530300.0,2243224.0
AS,2015-05,12649.0,14862.0,2287405.0,1862448.0,737093.0,2615693.0,2312870.0
AS,2015-06,13301.0,15244.0,2334548.0,1963030.0,720896.0,2669710.0,2349116.0
AS,2015-07,13948.0,16029.0,2466095.0,2113017.0,657108.0,2810167.0,2468680.0
AS,2015-08,16096.0,16311.0,2523522.0,2120426.0,765099.0,2828199.0,2474374.0
AS,2015-09,14271.0,14471.0,2244797.0,1775284.0,806402.0,2535363.0,2223068.0
AS,2015-10,14467.0,14689.0,2274583.0,1799636.0,787778.0,2618053.0,2295757.0
AS,2015-11,13950.0,14150.0,2200759.0,1746143.0,867066.0,2621318.0,2296313.0
AS,2015-12,14459.0,14695.0,2284021.0,1848136.0,882979.0,2730669.0,2393482.0
AS,2016-01,14178.0,14289.0,2221993.0,1689340.0,921252.0,2616862.0,2301340.0
AS,2016-02,10188.0,13549.0,2112785.0,1635187.0,891034.0,2464714.0,2177332.0
AS,2016-03,14782.0,14971.0,2344393.0,1969336.0,906317.0,2733839.0,2416261.0
AS,2016-04,14652.0,14877.0,2328270.0,1903313.0,858803.0,2701357.0,2388263.0
AS,2016-05,15385.0,15588.0,2454868.0,2015983.0,866552.0,2801601.0,2475654.0
AS,2016-06,15730.0,15932.0,2517734.0,2099314.0,878114.0,2881523.0,2526080.0
AS,2016-07,16257.0,16491.0,2608256.0,2194561.0,859711.0,2971291.0,2608772.0
AS,2016-08,16333.0,16725.0,2664613.0,2225051.0,847070.0,2997211.0,2621900.0
AS,2016-09,13858.0,14098.0,2255127.0,1853457.0,827191.0,2516333.0,2203682.0
AS,2016-10,14088.0,14299.0,2293845.0,1852303.0,824268.0,2566734.0,2248248.0
AS,2016-11,13946.0,14204.0,2262662.0,1870338.0,906798.0,2608437.0,2294018.0
AS,2016-12,14515.0,14624.0,2316884.0,1917391.0,978307.0,2782277.0,2422655.0
AS,2017-01,14712.0,14709.0,2338951.0,1769094.0,975945.0,2788125.0,2428504.0
AS,2017-02,13346.0,13313.0,2115151.0,1666693.0,932384.0,2487213.0,2163860.0
AS,2017-03,15422.0,15695.0,2488706.0,2091754.0,937213.0,2943743.0,2571290.0
AS,2017-04,15261.0,15529.0,2447587.0,2066196.0,972550.0,2890591.0,2534107.0
AS,2017-05,16108.0,16371.0,2587807.0,2178163.0,944873.0,3009928.0,2621485.0
AS,2017-06,16380.0,16655.0,2635448.0,2221381.0,969344.0,3093549.0,2690378.0
AS,2017-07,17027.0,17332.0,2735822.0,2327588.0,979436.0,3196332.0,2779009.0
AS,2017-08,16785.0,17068.0,2722572.0,2306431.0,1018147.0,3165130.0,2748092.0
AS,2017-09,14934.0,15199.0,2436738.0,1994978.0,960427.0,2784898.0,2422045.0
AS,2017-10,15076.0,15446.0,2494535.0,2008635.0,990499.0,2839481.0,2470127.0
AS,2017-11,14638.0,15017.0,2413585.0,1972436.0,985405.0,2841183.0,2465783.0
AS,2017-12,15383.0,15829.0,2532597.0,2050653.0,957181.0,3009057.0,2600617.0
AS,2018-01,15312.0,15682.0,2522371.0,1809855.0,962647.0,2928900.0,2544724.0
AS,2018-02,14056.0,14431.0,2321763.0,1780962.0,912638.0,2686166.0,2328607.0
AS,2018-03,16730.0,16458.0,2617344.0,2143687.0,947284.0,3053755.0,2662384.0
AS,2018-04,22739.0,22496.0,3505945.0,2876718.0,1319571.0,4413893.0,3839600.0
AS,2018-05,23741.0,23489.0,3671525.0,3045804.0,1324849.0,4598461.0,3994095.0
AS,2018-06,23457.0,23688.0,3691718.0,3146394.0,1208269.0,4640897.0,4016637.0
AS,2018-07,24587.0,24856.0,3869561.0,3277780.0,1248537.0,4838695.0,4176441.0
AS,2018-08,23984.0,24088.0,3758914.0,3158158.0,1339917.0,4732592.0,4061842.0
AS,2018-09,21362.0,21637.0,3390960.0,2684464.0,1235695.0,4191865.0,3620696.0
AS,2018-10,21895.0,22193.0,3468321.0,2788538.0,1313299.0,4354319.0,3733961.0
AS,2018-11,20847.0,20897.0,3270427.0,2680043.0,1387590.0,4190182.0,3621276.0
AS,2018-12,21165.0,21266.0,3318412.0,2654904.0,1314681.0,4306124.0,3725709.0
AS,2019-01,19400.0,20951.0,3265903.0,2405066.0,1486722.0,4165695.0,3595500.0
AS,2019-02,17813.0,18743.0,2922352.0,2245286.0,1363331.0,3748603.0,3198500.0
AS,2019-03,20066.0,22058.0,3422727.0,2803874.0,1444643.0,4382919.0,3802708.0
AS,2019-04,19653.0,21736.0,3366645.0,2759837.0,1350311.0,4324956.0,3761103.0
B6,2010-01,16263.0,16033.0,2156200.0,1548678.0,355393.0,2795300.0,2395346.0
B6,2010-02,15312.0,14484.0,1938750.0,1438947.0,335552.0,2528735.0,2152281.0
B6,2010-03,17764.0,17276.0,2304000.0,1860469.0,337007.0,2983444.0,2542669.0
B6,2010-04,16846.0,16786.0,2236000.0,1788012.0,352384.0,2852103.0,2448645.0
B6,2010-05,16122.0,16004.0,2123050.0,1739060.0,366028.0,2738477.0,2335881.0
B6,2010-06,16396.0,16322.0,2169850.0,1817705.0,369905.0,2806593.0,2386417.0
B6,2010-07,17814.0,17740.0,2356300.0,2012729.0,359153.0,3005963.0,2548505.0
B6,2010-08,17719.0,17651.0,2342650.0,1995706.0,345598.0,2972783.0,2523585.0
B6,2010-09,15846.0,15765.0,2096500.0,1657649.0,414747.0,2664027.0,2282901.0
B6,2010-10,16537.0,16518.0,2194850.0,1795098.0,388708.0,2792323.0,2405620.0
B6,2010-11,16763.0,16744.0,2223100.0,1786526.0,394607.0,2804635.0,2423277.0
B6,2010-12,18112.0,16656.0,2214650.0,1796865.0,384603.0,2850618.0,2439700.0
B6,2011-01,17121.0,16246.0,2152250.0,1670907.0,367230.0,2769844.0,2354727.0
B6,2011-02,15981.0,15259.0,2032550.0,1607076.0,386740.0,2589097.0,2210895.0
B6,2011-03,18480.0,18470.0,2465150.0,2033128.0,391045.0,3113993.0,2662557.0
B6,2011-04,18211.0,18112.0,2418150.0,1910675.0,374216.0,3088641.0,2628368.0
B6,2011-05,17929.0,17903.0,2381150.0,1930057.0,406421.0,3050815.0,2592244.0
B6,2011-06,18294.0,18205.0,2408700.0,1960143.0,413040.0,3135623.0,2664410.0
B6,2011-07,19550.0,19503.0,2573850.0,2204770.0,392047.0,3340690.0,2838632.0
B6,2011-08,19526.0,18278.0,2413050.0,2074387.0,424183.0,3160543.0,2672084.0
B6,2011-09,16938.0,16976.0,2236150.0,1768558.0,401169.0,2869815.0,2445385.0
B6,2011-10,17460.0,17464.0,2304050.0,1917458.0,420828.0,2946397.0,2521915.0
B6,2011-11,17592.0,17662.0,2346750.0,1937201.0,404889.0,2967210.0,2560491.0
B6,2011-12,18902.0,18913.0,2515700.0,2012276.0,383291.0,3200213.0,2767703.0
B6,2012-01,17845.0,17842.0,2371400.0,1868227.0,395217.0,2987156.0,2575731.0
B6,2012-02,17348.0,17353.0,2293700.0,1835253.0,369265.0,2907136.0,2513035.0
B6,2012-03,19733.0,19711.0,2603250.0,2224129.0,366988.0,3292520.0,2839376.0
B6,2012-04,19134.0,19135.0,2526950.0,2125051.0,379707.0,3179305.0,2753097.0
B6,2012-05,18690.0,18715.0,2467300.0,2066960.0,383060.0,3128876.0,2682924.0
B6,2012-06,19026.0,19085.0,2523050.0,2145210.0,417891.0,3213834.0,2755651.0
B6,2012-07,20672.0,20719.0,2725650.0,2355275.0,400381.0,3507394.0,2996840.0
B6,2012-08,20730.0,20697.0,2723750.0,2358123.0,415623.0,3493608.0,2993378.0
B6,2012-09,18147.0,18181.0,2401050.0,1871459.0,433047.0,3041440.0,2617224.0
B6,2012-10,18585.0,17331.0,2288550.0,1929714.0,435126.0,2906092.0,2508699.0
B6,2012-11,18869.0,18668.0,2473600.0,2038512.0,465743.0,3128138.0,2701595.0
B6,2012-12,19888.0,19863.0,2632950.0,2131780.0,419570.0,3390045.0,2918030.0
B6,2013-01,19290.0,19298.0,2551450.0,2049440.0,430346.0,3250561.0,2807915.0
B6,2013-02,17768.0,17129.0,2267950.0,1860230.0,425126.0,2918353.0,2502856.0
B6,2013-03,20842.0,20753.0,2746450.0,2356835.0,418451.0,3533398.0,3029648.0
B6,2013-04,20036.0,19945.0,2631350.0,2174069.0,447558.0,3421099.0,2941952.0
B6,2013-05,20262.0,20242.0,2643250.0,2214127.0,419550.0,3390498.0,2905054.0
B6,2013-06,20643.0,20588.0,2681800.0,2259025.0,452329.0,3496852.0,2977592.0
B6,2013-07,22146.0,22027.0,2855200.0,2450533.0,423093.0,3729935.0,3168234.0
B6,2013-08,21992.0,22000.0,2846750.0,2432587.0,412110.0,3699329.0,3169483.0
B6,2013-09,18582.0,18644.0,2410300.0,1884314.0,499459.0,3054473.0,2629812.0
B6,2013-10,19382.0,19431.0,2516300.0,2030842.0,438328.0,3207200.0,2771289.0
B6,2013-11,19604.0,19602.0,2552800.0,1976770.0,457171.0,3297017.0,2856943.0
B6,2013-12,21244.0,20995.0,2746590.0,2262134.0,449009.0,3649362.0,3129311.0
B6,2014-01,20220.0,18202.0,2388570.0,1937141.0,484640.0,3123575.0,2668568.0
B6,2014-02,18486.0,17583.0,2307780.0,1870778.0,468695.0,3030752.0,2589409.0
B6,2014-03,21489.0,21099.0,2772190.0,2317274.0,441117.0,3568290.0,3064178.0
B6,2014-04,20985.0,20715.0,2717600.0,2250536.0,427945.0,3518991.0,3019137.0
B6,2014-05,21189.0,20791.0,2685310.0,2281758.0,466576.0,3449352.0,2962101.0
B6,2014-06,21224.0,20878.0,2695278.0,2272475.0,486056.0,3488899.0,2976797.0
B6,2014-07,22575.0,21992.0,2839094.0,2472383.0,457770.0,3705100.0,3144698.0
B6,2014-08,22339.0,22249.0,2873404.0,2506594.0,454593.0,3705502.0,3164244.0
B6,2014-09,19080.0,19111.0,2472148.0,1987091.0,495491.0,3093767.0,2650274.0
B6,2014-10,20117.0,20123.0,2621677.0,2198187.0,505571.0,3302114.0,2838298.0
B6,2014-11,20052.0,19962.0,2613579.0,2131064.0,472640.0,3330803.0,2873462.0
B6,2014-12,21980.0,21954.0,2880710.0,2334569.0,482378.0,3720499.0,3204477.0
B6,2015-01,21633.0,20578.0,2690035.0,2162377.0,469183.0,3497614.0,2991427.0
B6,2015-02,19754.0,18541.0,2438189.0,2024264.0,490595.0,3193350.0,2718481.0
B6,2015-03,22592.0,22254.0,2917835.0,2512459.0,475389.0,3756087.0,3223689.0
B6,2015-04,22023.0,21956.0,2874280.0,2434336.0,475161.0,3711452.0,3192911.0
B6,2015-05,22565.0,22434.0,2933746.0,2478873.0,486922.0,3685024.0,3191019.0
B6,2015-06,22558.0,22418.0,2929232.0,2461814.0,545653.0,3721379.0,3211871.0
B6,2015-07,24029.0,23871.0,3106423.0,2654841.0,498921.0,3978950.0,3426243.0
B6,2015-08,23827.0,23642.0,3077000.0,2617179.0,507647.0,3933302.0,3393843.0
B6,2015-09,21041.0,21134.0,2768866.0,2203925.0,553588.0,3471741.0,2970340.0
B6,2015-10,21912.0,21873.0,2896961.0,2423053.0,543343.0,3581651.0,3076236.0
B6,2015-11,21696.0,21652.0,2879794.0,2400931.0,509705.0,3594868.0,3109208.0
B6,2015-12,23343.0,23349.0,3098604.0,2560839.0,529561.0,3972747.0,3425632.0
B6,2016-01,23019.0,22175.0,2949831.0,2370431.0,531800.0,3772822.0,3241318.0
B6,2016-02,21765.0,21301.0,2848064.0,2354879.0,550568.0,3666386.0,3156589.0
B6,2016-03,23825.0,23781.0,3176899.0,2726868.0,517566.0,4043740.0,3487294.0
B6,2016-04,23187.0,23070.0,3087200.0,2571237.0,507921.0,3919484.0,3380679.0
B6,2016-05,24240.0,24186.0,3230147.0,2705709.0,564394.0,4019114.0,3460150.0
B6,2016-06,23846.0,23703.0,3161516.0,2694777.0,555759.0,4009262.0,3425595.0
B6,2016-07,24927.0,24510.0,3259205.0,2824446.0,563474.0,4158415.0,3552873.0
B6,2016-08,24755.0,24489.0,3258701.0,2790372.0,560944.0,4106781.0,3512029.0
B6,2016-09,22396.0,22355.0,2974406.0,2425356.0,577809.0,3670840.0,3147533.0
B6,2016-10,23229.0,22793.0,3043177.0,2543298.0,578363.0,3737309.0,3213668.0
B6,2016-11,22974.0,22995.0,3076138.0,2606173.0,587427.0,3768646.0,3252026.0
B6,2016-12,24328.0,24182.0,3250483.0,2728077.0,602011.0,4092021.0,3514845.0
B6,2017-01,24602.0,24191.0,3269815.0,2664976.0,603719.0,4039940.0,3456433.0
B6,2017-02,22512.0,21634.0,2933008.0,2395661.0,619539.0,3646108.0,3126486.0
B6,2017-03,25980.0,25017.0,3384070.0,2858821.0,575783.0,4209694.0,3592533.0
B6,2017-04,25192.0,24874.0,3369805.0,2818624.0,530574.0,4183186.0,3572244.0
B6,2017-05,25521.0,24944.0,3384637.0,2806309.0,596678.0,4144049.0,3522863.0
B6,2017-06,25334.0,24809.0,3351519.0,2798793.0,591812.0,4175223.0,3510797.0
B6,2017-07,26437.0,25934.0,3477676.0,2938172.0,585081.0,4354836.0,3676392.0
B6,2017-08,26194.0,25732.0,3441794.0,2893888.0,556785.0,4304370.0,3639441.0
B6,2017-09,23956.0,21987.0,2944760.0,2287399.0,570030.0,3568871.0,3020075.0
B6,2017-10,24328.0,24225.0,3262484.0,2646192.0,570175.0,3932259.0,3359795.0
B6,2017-11,23640.0,23661.0,3190066.0,2636687.0,559295.0,3877991.0,3335895.0
B6,2017-12,24987.0,25003.0,3382874.0,2762605.0,578139.0,4235943.0,3608121.0
B6,2018-01,24868.0,23518.0,3212736.0,2544061.0,600702.0,4016466.0,3423368.0
B6,2018-02,22845.0,22569.0,3090815.0,2512546.0,591270.0,3878185.0,3324036.0
B6,2018-03,26505.0,24941.0,3549064.0,2978753.0,586633.0,4286838.0,3648958.0
B6,2018-04,25835.0,25603.0,3495074.0,2951560.0,607463.0,4398951.0,3741823.0
B6,2018-05,26513.0,26279.0,3669900.0,2995292.0,617406.0,4457934.0,3791876.0
B6,2018-06,25861.0,25686.0,3507292.0,2968908.0,607127.0,4332815.0,3675096.0
B6,2018-07,26671.0,26149.0,3543192.0,3078813.0,592103.0,4461621.0,3772014.0
B6,2018-08,26621.0,26063.0,3531366.0,3045665.0,605036.0,4432010.0,3746554.0
B6,2018-09,24425.0,24243.0,3287409.0,2572863.0,582924.0,4091842.0,3486912.0
B6,2018-10,24924.0,24854.0,3365765.0,2774667.0,624195.0,4176744.0,3568896.0
B6,2018-11,24551.0,24460.0,3337790.0,2754106.0,612815.0,4200340.0,3595433.0
B6,2018-12,25350.0,25359.0,3488320.0,2807779.0,616046.0,4415435.0,3789079.0
B6,2019-01,24446.0,23554.0,3251286.0,2542364.0,651990.0,4187641.0,3581248.0
B6,2019-02,0.0,22136.0,3365355.0,2498391.0,623745.0,3986323.0,3416583.0
B6,2019-03,25924.0,25583.0,3546313.0,3006607.0,621875.0,4545628.0,3906523.0
B6,2019-04,25329.0,25070.0,3473229.0,2912595.0,634325.0,4458298.0,3833468.0
DL,2010-01,57033.0,56377.0,8646763.0,6362378.0,1874106.0,8912994.0,7234590.0
DL,2010-02,52945.0,50294.0,7746898.0,5965921.0,1654204.0,8031673.0,6509555.0
DL,2010-03,60313.0,60078.0,9255370.0,7798237.0,1774362.0,9461456.0,7745934.0
DL,2010-04,59340.0,59577.0,9139014.0,7575954.0,1899187.0,9112341.0,7457795.0
DL,2010-05,61385.0,61194.0,9391677.0,7739973.0,1662924.0,9476508.0,7682977.0
DL,2010-06,64061.0,63360.0,9704672.0,8422380.0,2126661.0,9849900.0,7932961.0
DL,2010-07,65813.0,64598.0,9917460.0,8667028.0,1985668.0,10114098.0,8159742.0
DL,2010-08,65908.0,65270.0,10014246.0,8383769.0,2037258.0,10050509.0,8111907.0
DL,2010-09,61772.0,61746.0,9560777.0,7423083.0,2218784.0,9233483.0,7454598.0
DL,2010-10,63503.0,63574.0,9902157.0,8080420.0,2157867.0,9486506.0,7680132.0
DL,2010-11,60322.0,60323.0,9411822.0,7421191.0,2157442.0,8970189.0,7274908.0
DL,2010-12,60941.0,58760.0,9199758.0,7172555.0,2382176.0,9105632.0,7349737.0
DL,2011-01,59456.0,56177.0,8798805.0,6412910.0,2095892.0,8750902.0,7071705.0
DL,2011-02,53854.0,52454.0,8223600.0,6244813.0,1947726.0,8096075.0,6586946.0
DL,2011-03,62652.0,62612.0,9812715.0,8095931.0,2072998.0,9671714.0,7901296.0
DL,2011-04,60535.0,60428.0,9478971.0,7757508.0,2014634.0,9097379.0,7388928.0
DL,2011-05,63033.0,63074.0,9884240.0,8258683.0,1745687.0,9325125.0,7541018.0
DL,2011-06,64095.0,63929.0,10003817.0,8542479.0,2126534.0,9624684.0,7761494.0
DL,2011-07,66942.0,66670.0,10418258.0,9040206.0,1842627.0,10023486.0,8089045.0
DL,2011-08,66169.0,65443.0,10231184.0,8634317.0,2018216.0,9686491.0,7815898.0
DL,2011-09,59274.0,59599.0,9352631.0,7567715.0,1950240.0,8793187.0,7155405.0
DL,2011-10,61266.0,61537.0,9704198.0,8043974.0,1699148.0,9053841.0,7377995.0
DL,2011-11,58158.0,58395.0,9206039.0,7582126.0,1997445.0,8653693.0,7071728.0
DL,2011-12,57435.0,57705.0,9121692.0,7217028.0,1908721.0,8679511.0,7114309.0
DL,2012-01,55456.0,55565.0,8760408.0,6601898.0,1909615.0,8388818.0,6846203.0
DL,2012-02,52081.0,52281.0,8277428.0,6506510.0,1812637.0,7888425.0,6476720.0
DL,2012-03,60475.0,60872.0,9666184.0,8285849.0,1989278.0,9183915.0,7532043.0
DL,2012-04,59483.0,59838.0,9490853.0,8015007.0,1969760.0,8778452.0,7203632.0
DL,2012-05,61289.0,61558.0,9785611.0,8238892.0,1814627.0,9051998.0,7351851.0
DL,2012-06,63307.0,63478.0,10098544.0,8793356.0,2104751.0,9432353.0,7678066.0
DL,2012-07,65860.0,65978.0,10503456.0,9143203.0,2258017.0,9905179.0,8025720.0
DL,2012-08,66978.0,67060.0,10656196.0,9087716.0,2116164.0,9898348.0,8039212.0
DL,2012-09,61178.0,61605.0,9827772.0,7715240.0,2134913.0,8818752.0,7198690.0
DL,2012-10,63966.0,63347.0,10108030.0,8430330.0,1840464.0,9054452.0,7385882.0
DL,2012-11,60174.0,60572.0,9689664.0,7946873.0,2395450.0,8703146.0,7123757.0
DL,2012-12,57473.0,57843.0,9215331.0,7380206.0,2187234.0,8682821.0,7114660.0
DL,2013-01,57240.0,57466.0,9108649.0,7002737.0,2090981.0,8456855.0,6912547.0
DL,2013-02,52880.0,52718.0,8372403.0,6693523.0,1920882.0,7754115.0,6350267.0
DL,2013-03,63958.0,64064.0,10225262.0,8657142.0,2215303.0,9448960.0,7807066.0
DL,2013-04,62339.0,62669.0,9965832.0,8169950.0,1976024.0,9110724.0,7500309.0
DL,2013-05,64139.0,64413.0,10231114.0,8561918.0,1838435.0,9232574.0,7583678.0
DL,2013-06,66313.0,66455.0,10543677.0,9013051.0,2183222.0,9715643.0,7919749.0
DL,2013-07,69251.0,69376.0,11018953.0,9354884.0,2147015.0,10221741.0,8356867.0
DL,2013-08,69406.0,69758.0,11051410.0,9245500.0,2042243.0,10068710.0,8305576.0
DL,2013-09,62344.0,62844.0,10005703.0,7915406.0,1968832.0,8772212.0,7216869.0
DL,2013-10,65543.0,66240.0,10552053.0,8560986.0,1999647.0,9218398.0,7602571.0
DL,2013-11,61455.0,62185.0,9885767.0,7723967.0,2413235.0,8745406.0,7229548.0
DL,2013-12,60848.0,61203.0,9723400.0,8146047.0,2747024.0,9075230.0,7455070.0
DL,2014-01,59126.0,56699.0,9026868.0,7164952.0,2616792.0,8451015.0,6922829.0
DL,2014-02,51431.0,52001.0,8286875.0,6869650.0,2060012.0,7649920.0,6291462.0
DL,2014-03,67138.0,67580.0,10727451.0,9290928.0,2435358.0,9769835.0,8100802.0
DL,2014-04,65709.0,66169.0,10484483.0,9007659.0,2184663.0,9443424.0,7812499.0
DL,2014-05,68120.0,68415.0,10787952.0,9412724.0,2188423.0,9697772.0,8001217.0
DL,2014-06,63589.0,70090.0,10990124.0,9658731.0,2343674.0,10031655.0,8267516.0
DL,2014-07,72775.0,72992.0,11412190.0,10117990.0,2290274.0,10468692.0,8659240.0
DL,2014-08,72992.0,73163.0,11437472.0,9940084.0,2318467.0,10495886.0,8663926.0
DL,2014-09,67132.0,67482.0,10563039.0,8692515.0,2290446.0,9401328.0,7703965.0
DL,2014-10,70746.0,71385.0,11154145.0,9487901.0,2284695.0,9921608.0,8157544.0
DL,2014-11,59056.0,67621.0,10534949.0,8610667.0,2238616.0,9365693.0,7701090.0
DL,2014-12,66572.0,67091.0,10419964.0,8601319.0,3032960.0,9605851.0,7936064.0
DL,2015-01,64512.0,64324.0,9981651.0,7814857.0,3246277.0,9208163.0,7547925.0
DL,2015-02,46710.0,59666.0,9268905.0,7665020.0,2541919.0,8556679.0,6976141.0
DL,2015-03,74180.0,74206.0,11480138.0,9955122.0,2736834.0,10523856.0,8674000.0
DL,2015-04,72197.0,72499.0,11202287.0,9586523.0,2879954.0,10171490.0,8407340.0
DL,2015-05,74849.0,75089.0,11604353.0,10075251.0,2634423.0,10457873.0,8652547.0
DL,2015-06,77299.0,77481.0,11888909.0,10510062.0,2870648.0,10914258.0,8955072.0
DL,2015-07,80768.0,81044.0,12398324.0,10932350.0,2440614.0,11481943.0,9438554.0
DL,2015-08,80989.0,81352.0,12421287.0,10708217.0,2578260.0,11485666.0,9457944.0
DL,2015-09,72106.0,72508.0,11144013.0,9365699.0,2735175.0,9887925.0,8126283.0
DL,2015-10,75579.0,76150.0,11674440.0,10243200.0,2678979.0,10400001.0,8586850.0
DL,2015-11,72253.0,72829.0,11140694.0,9523518.0,2886423.0,9989024.0,8233155.0
DL,2015-12,70808.0,71238.0,10907876.0,9187466.0,3296960.0,10231338.0,8452012.0
DL,2016-01,69750.0,69442.0,10598823.0,8520850.0,3721259.0,9865148.0,8093595.0
DL,2016-02,67772.0,68110.0,10447112.0,8382423.0,3322233.0,9609413.0,7890859.0
DL,2016-03,78216.0,78929.0,12096464.0,10268092.0,3386074.0,11197817.0,9295010.0
DL,2016-04,76618.0,77107.0,11796943.0,9935670.0,3286228.0,10672219.0,8857847.0
DL,2016-05,80565.0,80822.0,12452474.0,10752647.0,2284836.0,11121304.0,9222781.0
DL,2016-06,81527.0,82001.0,12579768.0,10867892.0,2774914.0,11517279.0,9466223.0
DL,2016-07,83698.0,83935.0,12907640.0,11009369.0,2347542.0,12011260.0,9891987.0
DL,2016-08,84549.0,83105.0,12806222.0,10389002.0,2539006.0,11798786.0,9717886.0
DL,2016-09,75491.0,75858.0,11741458.0,9769526.0,2284060.0,10294819.0,8491389.0
DL,2016-10,78978.0,79216.0,12239057.0,10438801.0,2188939.0,10685608.0,8847555.0
DL,2016-11,74106.0,74866.0,11583879.0,9912127.0,2656293.0,10151411.0,8395391.0
DL,2016-12,71630.0,72326.0,11161626.0,9428937.0,2810878.0,10599227.0,8743982.0
DL,2017-01,69849.0,69954.0,10802419.0,8591658.0,2960238.0,10156680.0,8339543.0
DL,2017-02,65334.0,65546.0,10174600.0,8288649.0,2492316.0,9309708.0,7740081.0
DL,2017-03,79082.0,79490.0,12353198.0,10644776.0,2726006.0,11447742.0,9527677.0
DL,2017-04,77051.0,74590.0,11555829.0,9741315.0,2453352.0,10604627.0,8804045.0
DL,2017-05,80749.0,81086.0,12558466.0,10868426.0,2129644.0,11415408.0,9452127.0
DL,2017-06,81043.0,81357.0,12593595.0,11028703.0,2595595.0,11801698.0,9735314.0
DL,2017-07,83609.0,83994.0,13001386.0,11372552.0,2446259.0,12354847.0,10210435.0
DL,2017-08,84820.0,85044.0,13215166.0,11369844.0,2653181.0,12303907.0,10208785.0
DL,2017-09,75489.0,74438.0,11667259.0,9476436.0,2290999.0,10351744.0,8587210.0
DL,2017-10,79499.0,80297.0,12532327.0,10790244.0,2319378.0,11139498.0,9259521.0
DL,2017-11,74370.0,75107.0,11730548.0,10025434.0,2609008.0,10370643.0,8644239.0
DL,2017-12,72820.0,71580.0,11130554.0,9244816.0,2782873.0,10660184.0,8780359.0
DL,2018-01,71292.0,70430.0,11021146.0,8622935.0,2736575.0,10293183.0,8513753.0
DL,2018-02,66307.0,66864.0,10486510.0,8588942.0,2272383.0,9743160.0,8082830.0
DL,2018-03,81376.0,81231.0,12726941.0,10953614.0,2494561.0,11779813.0,9817399.0
DL,2018-04,79016.0,79383.0,12404425.0,10510471.0,2472652.0,11376703.0,9471004.0
DL,2018-05,81744.0,82097.0,12878275.0,11096408.0,2084576.0,11748898.0,9766576.0
DL,2018-06,83666.0,83962.0,13131292.0,11499515.0,2568622.0,12332228.0,10210621.0
DL,2018-07,86567.0,86925.0,13634308.0,11985855.0,2348175.0,12918575.0,10723907.0
DL,2018-08,87986.0,88289.0,13863196.0,11995746.0,2299758.0,12962584.0,10731556.0
DL,2018-09,78163.0,78573.0,12440496.0,10080750.0,2086874.0,11053890.0,9178444.0
DL,2018-10,82173.0,82927.0,13136695.0,11129384.0,2180067.0,11571429.0,9622993.0
DL,2018-11,76338.0,77030.0,12265451.0,10590629.0,2492875.0,10968089.0,9050068.0
DL,2018-12,75076.0,75800.0,12039026.0,10046619.0,2561946.0,11207043.0,9310937.0
DL,2019-01,73983.0,74285.0,11817552.0,9291293.0,2548277.0,11029367.0,9126230.0
DL,2019-02,67385.0,67891.0,10833798.0,8902634.0,1999067.0,10105384.0,8326280.0
DL,2019-03,84266.0,84866.0,13538091.0,11775732.0,2366782.0,12412219.0,10369648.0
DL,2019-04,81945.0,82395.0,13060555.0,11279882.0,2280863.0,11915144.0,9949288.0
NK,2010-01,3498.0,3498.0,526555.0,417249.0,70633.0,537579.0,459441.0
NK,2010-02,3071.0,3071.0,464348.0,365200.0,65662.0,477224.0,404040.0
NK,2010-03,3794.0,3794.0,574635.0,483408.0,81204.0,579596.0,494379.0
NK,2010-04,3808.0,3808.0,576126.0,476774.0,90954.0,571365.0,489113.0
NK,2010-05,3922.0,3922.0,599501.0,494467.0,91343.0,582618.0,496195.0
NK,2010-06,3115.0,3115.0,474199.0,367195.0,100648.0,457051.0,389076.0
NK,2010-07,4146.0,4146.0,638924.0,552344.0,91376.0,607717.0,516994.0
NK,2010-08,4089.0,4089.0,630676.0,539379.0,91321.0,601488.0,511421.0
NK,2010-09,3821.0,3821.0,588515.0,453302.0,100244.0,568046.0,486679.0
NK,2010-10,4073.0,4073.0,628089.0,533091.0,101168.0,609203.0,524045.0
NK,2010-11,3963.0,3963.0,604886.0,512116.0,124430.0,605802.0,520952.0
NK,2010-12,3924.0,3924.0,595830.0,492037.0,106212.0,611478.0,521661.0
NK,2011-01,3840.0,3840.0,595412.0,487811.0,106184.0,597976.0,507889.0
NK,2011-02,3585.0,3585.0,556268.0,451735.0,105410.0,560050.0,477909.0
NK,2011-03,4535.0,4535.0,707815.0,599250.0,118806.0,706370.0,602547.0
NK,2011-04,4533.0,4533.0,701036.0,588445.0,132895.0,707918.0,603396.0
NK,2011-05,4882.0,4882.0,752430.0,635455.0,156223.0,714770.0,606730.0
NK,2011-06,4712.0,4712.0,731813.0,627514.0,125050.0,684278.0,577254.0
NK,2011-07,0.0,5027.0,780487.0,700435.0,126659.0,730872.0,616007.0
NK,2011-08,4842.0,4842.0,747787.0,651407.0,140550.0,702949.0,592435.0
NK,2011-09,4469.0,4469.0,690181.0,559727.0,137243.0,619801.0,517943.0
NK,2011-10,4717.0,4717.0,727594.0,627098.0,120498.0,654656.0,548096.0
NK,2011-11,4757.0,4757.0,735661.0,620454.0,149094.0,681434.0,574781.0
NK,2011-12,5093.0,5093.0,785789.0,641220.0,122369.0,737520.0,622341.0
NK,2012-01,0.0,4913.0,768050.0,624365.0,125882.0,717755.0,606514.0
NK,2012-02,4776.0,4776.0,754046.0,638439.0,144314.0,702697.0,594356.0
NK,2012-03,5806.0,5806.0,918454.0,785448.0,161843.0,853972.0,722740.0
NK,2012-04,0.0,5649.0,892553.0,744635.0,166028.0,827495.0,704244.0
NK,2012-05,5637.0,5637.0,894933.0,747571.0,240049.0,814941.0,686149.0
NK,2012-06,0.0,5801.0,923001.0,792511.0,212056.0,820696.0,685850.0
NK,2012-07,0.0,6179.0,985849.0,870257.0,203647.0,873277.0,727129.0
NK,2012-08,0.0,6218.0,982488.0,843790.0,220015.0,878005.0,733261.0
NK,2012-09,5631.0,5631.0,891869.0,736744.0,200716.0,795721.0,671106.0
NK,2012-10,0.0,5642.0,887787.0,768669.0,178868.0,809519.0,684123.0
NK,2012-11,0.0,5850.0,926193.0,771077.0,242962.0,865668.0,737556.0
NK,2012-12,6074.0,6074.0,965767.0,811328.0,197012.0,922878.0,784829.0
NK,2013-01,5957.0,5957.0,947971.0,784276.0,207523.0,901988.0,768118.0
NK,2013-02,0.0,5679.0,906303.0,746340.0,214119.0,859470.0,726511.0
NK,2013-03,6676.0,6676.0,1066842.0,932484.0,178077.0,1004100.0,847098.0
NK,2013-04,6547.0,6547.0,1046667.0,867042.0,312599.0,985807.0,830930.0
NK,2013-05,6846.0,6846.0,1104070.0,950146.0,233452.0,1023218.0,861284.0
NK,2013-06,6732.0,6732.0,1081926.0,952004.0,269915.0,1006970.0,843748.0
NK,2013-07,7163.0,7163.0,1158575.0,1061720.0,223391.0,1072015.0,897670.0
NK,2013-08,7120.0,7120.0,1154379.0,1054224.0,275526.0,1057127.0,886804.0
NK,2013-09,6547.0,6547.0,1059711.0,894234.0,286508.0,1000538.0,846667.0
NK,2013-10,6716.0,6716.0,1087901.0,937678.0,243774.0,1038539.0,882601.0
NK,2013-11,6797.0,6797.0,1098036.0,920062.0,314103.0,1065914.0,910999.0
NK,2013-12,6992.0,6992.0,1127088.0,992764.0,232716.0,1129048.0,955035.0
NK,2014-01,7038.0,7038.0,1135200.0,958808.0,248533.0,1140011.0,961345.0
NK,2014-02,6446.0,6446.0,1046982.0,897689.0,246588.0,1034651.0,877018.0
NK,2014-03,7373.0,7373.0,1200768.0,1063467.0,248713.0,1167985.0,990934.0
NK,2014-04,7263.0,7263.0,1184979.0,1010031.0,259391.0,1135179.0,968505.0
NK,2014-05,7612.0,7612.0,1238147.0,1082042.0,285232.0,1163601.0,985102.0
NK,2014-06,7466.0,7466.0,1219431.0,1092065.0,276379.0,1145982.0,965976.0
NK,2014-07,7747.0,7747.0,1265108.0,1159015.0,260846.0,1179048.0,993524.0
NK,2014-08,0.0,8195.0,1336833.0,1195924.0,282206.0,1229277.0,1032040.0
NK,2014-09,7803.0,7803.0,1270011.0,1024669.0,325572.0,1189953.0,1005496.0
NK,2014-10,8089.0,8089.0,1370196.0,1119231.0,283218.0,1235374.0,1046282.0
NK,2014-11,8170.0,8170.0,1333326.0,1092442.0,359639.0,1277552.0,1090829.0
NK,2014-12,8410.0,8410.0,1386232.0,1179135.0,274626.0,1323119.0,1127519.0
NK,2015-01,8771.0,8771.0,1432913.0,1162241.0,306334.0,1394409.0,1180624.0
NK,2015-02,8031.0,8031.0,1319043.0,1103434.0,309812.0,1286346.0,1082102.0
NK,2015-03,9303.0,9303.0,1532088.0,1339867.0,309468.0,1460486.0,1242280.0
NK,2015-04,9459.0,9459.0,1578086.0,1311801.0,468419.0,1482485.0,1256665.0
NK,2015-05,9864.0,9864.0,1637249.0,1411053.0,372252.0,1529833.0,1290646.0
NK,2015-06,9388.0,9388.0,1571629.0,1351526.0,378985.0,1456921.0,1216142.0
NK,2015-07,10255.0,10255.0,1708628.0,1506661.0,359527.0,1572630.0,1324209.0
NK,2015-08,10276.0,10276.0,1767739.0,1471629.0,366689.0,1578907.0,1330096.0
NK,2015-09,9897.0,9897.0,1663324.0,1324475.0,474664.0,1537045.0,1298575.0
NK,2015-10,10168.0,10194.0,1721412.0,1427189.0,384166.0,1589582.0,1344275.0
NK,2015-11,10086.0,10086.0,1702985.0,1389001.0,500856.0,1594278.0,1355039.0
NK,2015-12,10520.0,10520.0,1829031.0,1475976.0,406781.0,1679234.0,1430080.0
NK,2016-01,10765.0,10765.0,1833382.0,1472140.0,411755.0,1713161.0,1453799.0
NK,2016-02,9985.0,9985.0,1701342.0,1427166.0,388973.0,1576426.0,1337112.0
NK,2016-03,11105.0,11108.0,1948080.0,1680239.0,395792.0,1752970.0,1485635.0
NK,2016-04,11127.0,11262.0,1982984.0,1598598.0,573760.0,1725562.0,1457061.0
NK,2016-05,11856.0,11856.0,2078216.0,1774113.0,410125.0,1821169.0,1534925.0
NK,2016-06,11375.0,11375.0,1969717.0,1725908.0,437919.0,1743340.0,1459604.0
NK,2016-07,11791.0,11791.0,2055060.0,1832799.0,432753.0,1804964.0,1509639.0
NK,2016-08,11835.0,11835.0,2063110.0,1778006.0,432450.0,1811893.0,1514295.0
NK,2016-09,11118.0,11118.0,1947918.0,1548695.0,455732.0,1710646.0,1444967.0
NK,2016-10,11231.0,11231.0,1985693.0,1607814.0,425776.0,1735435.0,1471212.0
NK,2016-11,11573.0,11573.0,2031932.0,1627253.0,551533.0,1800892.0,1536896.0
NK,2016-12,12153.0,12153.0,2140919.0,1701872.0,453633.0,1939928.0,1646423.0
NK,2017-01,12160.0,12160.0,2182286.0,1647621.0,421428.0,1945382.0,1650774.0
NK,2017-02,11276.0,11276.0,1991161.0,1603475.0,453247.0,1781639.0,1521523.0
NK,2017-03,12583.0,12583.0,2230471.0,1910810.0,446063.0,1998748.0,1694446.0
NK,2017-04,12343.0,12343.0,2192916.0,1823249.0,653222.0,1944206.0,1644470.0
NK,2017-05,12587.0,12587.0,2239028.0,1901091.0,506384.0,1958592.0,1645628.0
NK,2017-06,12976.0,12976.0,2297232.0,1978648.0,547381.0,2060305.0,1731940.0
NK,2017-07,13838.0,13838.0,2455993.0,2101490.0,541994.0,2194626.0,1846181.0
NK,2017-08,13804.0,13817.0,2452894.0,2093033.0,519819.0,2188772.0,1847132.0
NK,2017-09,11594.0,11594.0,2077810.0,1624891.0,640099.0,1826622.0,1548510.0
NK,2017-10,13018.0,13018.0,2341355.0,1928061.0,500221.0,2056212.0,1748027.0
NK,2017-11,12770.0,12770.0,2291377.0,1846584.0,686987.0,2043026.0,1749650.0
NK,2017-12,13059.0,13059.0,2349215.0,1878583.0,524594.0,2151621.0,1825822.0
NK,2018-01,13837.0,13837.0,2492286.0,1832326.0,531973.0,2269518.0,1928902.0
NK,2018-02,12818.0,12818.0,2316198.0,1873929.0,567870.0,2108399.0,1790182.0
NK,2018-03,14618.0,14618.0,2664681.0,2324440.0,627665.0,2376879.0,2018339.0
NK,2018-04,14492.0,14492.0,2646800.0,2169639.0,856060.0,2383515.0,2023905.0
NK,2018-05,14081.0,14852.0,2711920.0,2312524.0,645438.0,2453428.0,2079080.0
NK,2018-06,15421.0,15421.0,2815083.0,2441653.0,640019.0,2532174.0,2132012.0
NK,2018-07,16028.0,16028.0,2926387.0,2583410.0,595230.0,2617361.0,2197313.0
NK,2018-08,15972.0,15972.0,2914287.0,2558575.0,615010.0,2602704.0,2187271.0
NK,2018-09,13477.0,13477.0,2468810.0,2044766.0,642725.0,2140111.0,1806588.0
NK,2018-10,13808.0,13808.0,2533037.0,2184697.0,547344.0,2182741.0,1850406.0
NK,2018-11,14401.0,14401.0,2653475.0,2245763.0,753874.0,2322854.0,1962622.0
NK,2018-12,15021.0,15021.0,2753748.0,2337240.0,590493.0,2444417.0,2067839.0
NK,2019-01,15079.0,15079.0,2788711.0,2175001.0,571505.0,2459244.0,2073178.0
NK,2019-02,14040.0,14040.0,2591002.0,2122972.0,859174.0,2290920.0,1933481.0
NK,2019-03,17092.0,17092.0,3158547.0,2789302.0,890898.0,2749767.0,2336442.0
NK,2019-04,16405.0,16405.0,3028927.0,2532545.0,935404.0,2630566.0,2234010.0
UA,2010-01,28091.0,27723.0,4398446.0,3315404.0,1077988.0,4912038.0,4276916.0
UA,2010-02,26086.0,24778.0,3886438.0,3049782.0,1062631.0,4353214.0,3773418.0
UA,2010-03,29718.0,29376.0,4622886.0,3839476.0,1038825.0,5185616.0,4525040.0
UA,2010-04,28188.0,28104.0,4419899.0,3651755.0,1100808.0,4960768.0,4336447.0
UA,2010-05,28882.0,28770.0,4519681.0,3790066.0,1103449.0,5100660.0,4436775.0
UA,2010-06,29325.0,29111.0,4552694.0,3997524.0,1154981.0,5215900.0,4521603.0
UA,2010-07,30402.0,30241.0,4731087.0,4104035.0,1130262.0,5373804.0,4666318.0
UA,2010-08,30646.0,30485.0,4767992.0,4111954.0,1141510.0,5347858.0,4654169.0
UA,2010-09,28084.0,28026.0,4348268.0,3560136.0,987343.0,4810515.0,4187608.0
UA,2010-10,29154.0,29086.0,4532428.0,3813123.0,954314.0,5013088.0,4382613.0
UA,2010-11,27323.0,27278.0,4270969.0,3446659.0,1025282.0,4763824.0,4176456.0
UA,2010-12,27627.0,27206.0,4251797.0,3384557.0,1135592.0,4864914.0,4255758.0
UA,2011-01,26180.0,25711.0,4000468.0,3067946.0,1059349.0,4553828.0,3972919.0
UA,2011-02,24086.0,23224.0,3607856.0,2855329.0,1041979.0,4184721.0,3660079.0
UA,2011-03,27492.0,27374.0,4246295.0,3501353.0,1022710.0,4969800.0,4370536.0
UA,2011-04,25251.0,25080.0,3897049.0,3279777.0,1061364.0,4646000.0,4079937.0
UA,2011-05,26003.0,25833.0,4003533.0,3447633.0,1069916.0,4735831.0,4125786.0
UA,2011-06,27754.0,27407.0,4258533.0,3732563.0,1101958.0,5029763.0,4372480.0
UA,2011-07,29061.0,28552.0,4425048.0,3903242.0,1157529.0,5207021.0,4522792.0
UA,2011-08,28701.0,28243.0,4374324.0,3799588.0,1120256.0,5089528.0,4416042.0
UA,2011-09,24652.0,24653.0,3804052.0,3224753.0,1011954.0,4380622.0,3804025.0
UA,2011-10,25120.0,25104.0,3870745.0,3316982.0,1011982.0,4504594.0,3934629.0
UA,2011-11,22984.0,22928.0,3531733.0,3002921.0,1013151.0,4172778.0,3646404.0
UA,2011-12,23990.0,23954.0,3713474.0,3101755.0,1036888.0,4473993.0,3918744.0
UA,2012-01,41727.0,41412.0,6416297.0,5047011.0,1993412.0,7736436.0,6734306.0
UA,2012-02,40839.0,40649.0,6331478.0,4982016.0,1946063.0,7597008.0,6630108.0
UA,2012-03,46248.0,46157.0,7222472.0,6028950.0,2024189.0,8727071.0,7598578.0
UA,2012-04,44260.0,44246.0,6894191.0,5829827.0,2220111.0,8429624.0,7356708.0
UA,2012-05,45322.0,45208.0,7026495.0,5987225.0,2394884.0,8633001.0,7480839.0
UA,2012-06,46917.0,46550.0,7241579.0,6272686.0,2814143.0,9025752.0,7830202.0
UA,2012-07,48179.0,47485.0,7341362.0,6413138.0,2685730.0,9235785.0,7989665.0
UA,2012-08,47899.0,47512.0,7317457.0,6373676.0,2845785.0,9136767.0,7931317.0
UA,2012-09,42872.0,42962.0,6599089.0,5320216.0,2736111.0,8045310.0,6984661.0
UA,2012-10,44424.0,42691.0,6606547.0,5574024.0,2716017.0,7993032.0,6960069.0
UA,2012-11,41354.0,40999.0,6357232.0,5256898.0,2861249.0,7690558.0,6732603.0
UA,2012-12,41968.0,41898.0,6493308.0,5307736.0,2945443.0,8170541.0,7152981.0
UA,2013-01,40419.0,40354.0,6236366.0,5006877.0,2680614.0,7660834.0,6705330.0
UA,2013-02,38116.0,37452.0,5775331.0,4730032.0,2689890.0,7069070.0,6181201.0
UA,2013-03,44062.0,43657.0,6729530.0,5759830.0,2433533.0,8348198.0,7321613.0
UA,2013-04,41430.0,41221.0,6346797.0,5317369.0,2656575.0,8093765.0,7075123.0
UA,2013-05,42992.0,42995.0,6645103.0,5674111.0,2579590.0,8384496.0,7320397.0
UA,2013-06,43550.0,43403.0,6734657.0,5891258.0,2855849.0,8700117.0,7579137.0
UA,2013-07,44777.0,44530.0,6879205.0,5954656.0,2702551.0,8889451.0,7746507.0
UA,2013-08,44444.0,44597.0,6891612.0,5970933.0,2998784.0,8824711.0,7715286.0
UA,2013-09,40682.0,40803.0,6302365.0,5162112.0,2531636.0,7824142.0,6829825.0
UA,2013-10,43246.0,43373.0,6727344.0,5582714.0,2183173.0,8270392.0,7237846.0
UA,2013-11,40657.0,40678.0,6326510.0,5178290.0,2639819.0,7848587.0,6867466.0
UA,2013-12,41423.0,41168.0,6408468.0,5559741.0,2787807.0,8167283.0,7116790.0
UA,2014-01,39225.0,37587.0,5855593.0,4826841.0,2537744.0,7359469.0,6403791.0
UA,2014-02,36379.0,35288.0,5499586.0,4603572.0,2516596.0,6797231.0,5904997.0
UA,2014-03,42492.0,42265.0,6587690.0,5687881.0,2562625.0,8247185.0,7220478.0
UA,2014-04,39498.0,39575.0,6145668.0,5305799.0,2327661.0,7771464.0,6797928.0
UA,2014-05,42428.0,42315.0,6618046.0,5737523.0,2710602.0,8290611.0,7195728.0
UA,2014-06,42887.0,42671.0,6666131.0,5842995.0,2727539.0,8615424.0,7474085.0
UA,2014-07,43996.0,43852.0,6859978.0,5992045.0,2682416.0,8836184.0,7680304.0
UA,2014-08,42833.0,42879.0,6722710.0,5920747.0,2755270.0,8547964.0,7429730.0
UA,2014-09,40219.0,40123.0,6284158.0,5225743.0,2569863.0,7741552.0,6733143.0
UA,2014-10,43335.0,43389.0,6800410.0,5665883.0,2576569.0,8328574.0,7232877.0
UA,2014-11,39798.0,39828.0,6255159.0,5113063.0,2498702.0,7629524.0,6626581.0
UA,2014-12,40439.0,40388.0,6368323.0,5398657.0,2655588.0,8011321.0,6956763.0
UA,2015-01,38395.0,37647.0,5956785.0,4847338.0,2446772.0,7234854.0,6239031.0
UA,2015-02,36235.0,35489.0,5590926.0,4639362.0,2316983.0,6740692.0,5797620.0
UA,2015-03,43602.0,43277.0,6831596.0,5823398.0,2474956.0,8244543.0,7134890.0
UA,2015-04,41341.0,41256.0,6531908.0,5556445.0,2549360.0,7911727.0,6867949.0
UA,2015-05,44411.0,44472.0,7051073.0,6048718.0,2585598.0,8559746.0,7402396.0
UA,2015-06,46084.0,45471.0,7228780.0,6296079.0,2655756.0,8858694.0,7629571.0
UA,2015-07,46478.0,46324.0,7375392.0,6501688.0,2538269.0,8987680.0,7769156.0
UA,2015-08,45413.0,45460.0,7228368.0,6335476.0,2688078.0,8708349.0,7514884.0
UA,2015-09,41778.0,41965.0,6696138.0,5711433.0,2617487.0,7817840.0,6732835.0
UA,2015-10,45893.0,46075.0,7347962.0,6386700.0,2541631.0,8504242.0,7328921.0
UA,2015-11,42647.0,42629.0,6795889.0,5801202.0,2539267.0,7894445.0,6814768.0
UA,2015-12,43443.0,42957.0,6885204.0,5863996.0,2883843.0,8230576.0,7136068.0
UA,2016-01,39760.0,38590.0,6170513.0,5089272.0,2564476.0,7172016.0,6206084.0
UA,2016-02,38944.0,38684.0,6179908.0,4996349.0,2391466.0,7132749.0,6167015.0
UA,2016-03,44250.0,43924.0,7058047.0,5950901.0,2663766.0,8305124.0,7208084.0
UA,2016-04,43281.0,42861.0,6905536.0,5766461.0,2587336.0,7962913.0,6903104.0
UA,2016-05,45914.0,45990.0,7393633.0,6346011.0,2553367.0,8546339.0,7371343.0
UA,2016-06,46424.0,46483.0,7501802.0,6652487.0,2744511.0,8749843.0,7505176.0
UA,2016-07,48049.0,47932.0,7744912.0,6831523.0,2631131.0,9103679.0,7803334.0
UA,2016-08,49758.0,49823.0,8045336.0,6857731.0,2616288.0,9235144.0,7887294.0
UA,2016-09,46935.0,47063.0,7626567.0,6395113.0,2448777.0,8418732.0,7188129.0
UA,2016-10,49951.0,49865.0,8086453.0,6848678.0,2428910.0,8759087.0,7482881.0
UA,2016-11,46082.0,46190.0,7509531.0,6348357.0,2404151.0,8089485.0,6927096.0
UA,2016-12,45718.0,45450.0,7457313.0,6284765.0,2680020.0,8511324.0,7323510.0
UA,2017-01,42403.0,42340.0,6941158.0,5614769.0,2411463.0,7721606.0,6605144.0
UA,2017-02,40004.0,39744.0,6520841.0,5281328.0,2288837.0,7136001.0,6116055.0
UA,2017-03,48496.0,47962.0,7897742.0,6742675.0,2586412.0,8757412.0,7522317.0
UA,2017-04,45541.0,45684.0,7540553.0,6511331.0,2616045.0,8360003.0,7164003.0
UA,2017-05,49408.0,49529.0,8183094.0,6951513.0,2484754.0,8982726.0,7673247.0
UA,2017-06,52015.0,52029.0,8576487.0,7458105.0,2758534.0,9550522.0,8127229.0
UA,2017-07,53569.0,53487.0,8836630.0,7740798.0,2620316.0,9858914.0,8372562.0
UA,2017-08,55445.0,53652.0,8864027.0,7469120.0,2894948.0,9806944.0,8310146.0
UA,2017-09,48861.0,47728.0,7903709.0,6417809.0,2746855.0,8443164.0,7167727.0
UA,2017-10,51280.0,51408.0,8511840.0,7156557.0,2655925.0,9099846.0,7734268.0
UA,2017-11,48354.0,48497.0,8006490.0,6842405.0,2541953.0,8592679.0,7339252.0
UA,2017-12,49086.0,49228.0,8135660.0,6776265.0,2701192.0,9041670.0,7721817.0
UA,2018-01,45384.0,44649.0,7270465.0,5789337.0,2504616.0,8133965.0,6952416.0
UA,2018-02,41650.0,41619.0,6788444.0,5522839.0,2333170.0,7577894.0,6452507.0
UA,2018-03,49800.0,48925.0,8097638.0,6936120.0,2382013.0,9026296.0,7740860.0
UA,2018-04,49937.0,50030.0,8231727.0,7028075.0,2508037.0,9189908.0,7851224.0
UA,2018-05,52816.0,52845.0,8688576.0,7464298.0,2179441.0,9665366.0,8215938.0
UA,2018-06,55056.0,55084.0,9049148.0,7999814.0,2767679.0,10122049.0,8573004.0
UA,2018-07,57207.0,57215.0,9407040.0,8415103.0,2529818.0,10472490.0,8871774.0
UA,2018-08,57920.0,57660.0,9488396.0,8196609.0,2908582.0,10484387.0,8834155.0
UA,2018-09,52905.0,53018.0,8721171.0,7011105.0,2695636.0,9374019.0,7941548.0
UA,2018-10,55565.0,55758.0,9174059.0,7707963.0,2848524.0,9856383.0,8355098.0
UA,2018-11,51792.0,51514.0,8514327.0,7241454.0,2660909.0,9215978.0,7802637.0
UA,2018-12,51530.0,51674.0,8621777.0,7091537.0,2848049.0,9537190.0,8146994.0
UA,2019-01,46914.0,46358.0,7708320.0,6099407.0,2742876.0,8635634.0,7336818.0
UA,2019-02,43720.0,43609.0,7224004.0,5817968.0,2611805.0,8049251.0,6814439.0
UA,2019-03,53651.0,53178.0,8848615.0,7569762.0,2949493.0,9822434.0,8391166.0
UA,2019-04,52292.0,51994.0,8659884.0,7379235.0,2681557.0,9542160.0,8151860.0
WN,2010-01,90103.0,88476.0,12063552.0,8174598.0,1769318.0,9598476.0,8191330.0
WN,2010-02,82499.0,78735.0,10735425.0,7469981.0,1684422.0,8503874.0,7246772.0
WN,2010-03,95409.0,94804.0,12923918.0,9834590.0,1713663.0,10257904.0,8812308.0
WN,2010-04,94136.0,93741.0,12777612.0,9548508.0,1573763.0,10158615.0,8760237.0
WN,2010-05,97184.0,96769.0,13192883.0,9713268.0,1773385.0,10589726.0,9137187.0
WN,2010-06,96948.0,96761.0,13189597.0,10302824.0,1689714.0,10525384.0,9041023.0
WN,2010-07,98853.0,98668.0,13446821.0,10798184.0,1696906.0,10704173.0,9166159.0
WN,2010-08,97613.0,97392.0,13271469.0,10273291.0,1695844.0,10466721.0,8977793.0
WN,2010-09,91513.0,91183.0,12428891.0,8898848.0,1616105.0,9819004.0,8444890.0
WN,2010-10,94734.0,94540.0,12887555.0,10027325.0,1602563.0,10279576.0,8816047.0
WN,2010-11,91374.0,91199.0,12430768.0,9507041.0,1752854.0,10002743.0,8613507.0
WN,2010-12,94086.0,92543.0,12618661.0,9707625.0,1691546.0,10303808.0,8823788.0
WN,2011-01,93373.0,92054.0,12543733.0,8997331.0,1747524.0,10198866.0,8719640.0
WN,2011-02,85277.0,82498.0,11247851.0,8201578.0,1702303.0,9133508.0,7843796.0
WN,2011-03,99857.0,99377.0,13552609.0,10450262.0,1733748.0,11069502.0,9566805.0
WN,2011-04,98224.0,96711.0,13189752.0,9953086.0,1786353.0,10837209.0,9367403.0
WN,2011-05,99943.0,99305.0,13548220.0,10487233.0,1656178.0,10983783.0,9454046.0
WN,2011-06,100596.0,100190.0,13664005.0,10782969.0,1734544.0,11120931.0,9582004.0
WN,2011-07,102374.0,102033.0,13915581.0,11014511.0,1692966.0,11307683.0,9723862.0
WN,2011-08,100373.0,99231.0,13541832.0,10440731.0,1760586.0,10878714.0,9334326.0
WN,2011-09,93019.0,92542.0,12634574.0,9421991.0,1655684.0,10125020.0,8692216.0
WN,2011-10,97171.0,96657.0,13189044.0,10209301.0,1705702.0,10642053.0,9172728.0
WN,2011-11,91367.0,90995.0,12408100.0,9726998.0,1799965.0,10055141.0,8667189.0
WN,2011-12,94143.0,93895.0,12806915.0,9781427.0,1698904.0,10423306.0,8959606.0
WN,2012-01,90974.0,90118.0,12286646.0,8789342.0,1800843.0,9978486.0,8576439.0
WN,2012-02,87240.0,86436.0,11787492.0,8592597.0,1765303.0,9642900.0,8320155.0
WN,2012-03,98553.0,98199.0,13394631.0,10423030.0,1829776.0,11095816.0,9570878.0
WN,2012-04,96675.0,96079.0,13124292.0,10027411.0,1789763.0,10741495.0,9293930.0
WN,2012-05,98987.0,98523.0,13480828.0,10436865.0,1797029.0,10965218.0,9447860.0
WN,2012-06,98766.0,98258.0,13489718.0,10816140.0,1886059.0,11088049.0,9549290.0
WN,2012-07,102302.0,101862.0,14048356.0,11198327.0,1797090.0,11486441.0,9851111.0
WN,2012-08,98395.0,97823.0,13543286.0,10839724.0,1965601.0,10925992.0,9341581.0
WN,2012-09,89927.0,89735.0,12476957.0,9296928.0,1801240.0,9977232.0,8568235.0
WN,2012-10,96036.0,94507.0,13170128.0,10198075.0,1653835.0,10566578.0,9055929.0
WN,2012-11,90231.0,89867.0,12578796.0,9712440.0,1892161.0,10090408.0,8670365.0
WN,2012-12,92448.0,91413.0,12843939.0,9628398.0,1908851.0,10469462.0,8966524.0
WN,2013-01,89169.0,88761.0,12515051.0,8585896.0,1838200.0,9966799.0,8534124.0
WN,2013-02,83116.0,81638.0,11551878.0,8361906.0,1900261.0,9278071.0,7943394.0
WN,2013-03,99142.0,98205.0,13929381.0,10848179.0,1998354.0,11348357.0,9751786.0
WN,2013-04,97198.0,96746.0,13768526.0,10203572.0,2064668.0,11137317.0,9561439.0
WN,2013-05,98821.0,98602.0,14062879.0,10949913.0,1851318.0,11231909.0,9628222.0
WN,2013-06,97405.0,96941.0,13840997.0,11155284.0,1947018.0,11258861.0,9634192.0
WN,2013-07,100309.0,99797.0,14271923.0,11198903.0,1835652.0,11561290.0,9878928.0
WN,2013-08,96559.0,96293.0,13814459.0,10606872.0,1977040.0,10994943.0,9384956.0
WN,2013-09,89994.0,89607.0,12889464.0,9463027.0,1942603.0,10087608.0,8623705.0
WN,2013-10,94475.0,94264.0,13557671.0,10310617.0,1754610.0,10716258.0,9191991.0
WN,2013-11,89614.0,89293.0,12862874.0,9814340.0,2128886.0,10330047.0,8885491.0
WN,2013-12,94903.0,94285.0,13592860.0,10879498.0,2117835.0,11137502.0,9489373.0
WN,2014-01,91564.0,87396.0,12604512.0,9157391.0,2293876.0,10188755.0,8628151.0
WN,2014-02,84581.0,82035.0,11829354.0,8880789.0,2079898.0,9599166.0,8186724.0
WN,2014-03,101382.0,100408.0,14480347.0,11548154.0,2253859.0,11962088.0,10285052.0
WN,2014-04,99109.0,98757.0,14234811.0,11171141.0,2272848.0,11597605.0,9998154.0
WN,2014-05,100659.0,100216.0,14472720.0,11642962.0,2188761.0,11713293.0,10052373.0
WN,2014-06,102043.0,101554.0,14672278.0,12151157.0,2417958.0,12183047.0,10433167.0
WN,2014-07,105427.0,104667.0,15148579.0,12580827.0,2186031.0,12642758.0,10812048.0
WN,2014-08,99384.0,99219.0,14390213.0,11766595.0,2333799.0,11740543.0,9991036.0
WN,2014-09,94721.0,93789.0,13628989.0,10550634.0,2078903.0,10911220.0,9288089.0
WN,2014-10,99257.0,98692.0,14357806.0,11455413.0,2048038.0,11559145.0,9847324.0
WN,2014-11,95628.0,95143.0,13857404.0,10814229.0,2309418.0,11427896.0,9760326.0
WN,2014-12,100878.0,100221.0,14595777.0,11699244.0,2276020.0,12116988.0,10330787.0
WN,2015-01,100042.0,98470.0,14340303.0,10341375.0,2426825.0,11905035.0,10100925.0
WN,2015-02,90172.0,86883.0,12669749.0,9806676.0,2238438.0,10508147.0,8885950.0
WN,2015-03,109245.0,107341.0,15655636.0,12837413.0,2525667.0,13076044.0,11173355.0
WN,2015-04,106407.0,106039.0,15467522.0,12503690.0,2583430.0,12862839.0,11005371.0
WN,2015-05,107702.0,107076.0,15625184.0,12858484.0,2380588.0,12977319.0,11083829.0
WN,2015-06,109776.0,108339.0,15802308.0,13193745.0,2748575.0,13283506.0,11300758.0
WN,2015-07,113650.0,113196.0,16503902.0,13917815.0,2453661.0,13917959.0,11823489.0
WN,2015-08,108179.0,107518.0,15696247.0,12946366.0,2585651.0,12958996.0,10980161.0
WN,2015-09,100645.0,100442.0,14666359.0,11812853.0,2151984.0,11947333.0,10139428.0
WN,2015-10,104516.0,104372.0,15238105.0,12767452.0,2154829.0,12437699.0,10565554.0
WN,2015-11,104045.0,103271.0,15101545.0,12299683.0,2564554.0,12542556.0,10671172.0
WN,2015-12,107476.0,106123.0,15515258.0,12544685.0,2517568.0,12993659.0,11044557.0
WN,2016-01,104154.0,101683.0,14907096.0,11067167.0,2608265.0,12421480.0,10540083.0
WN,2016-02,97225.0,95960.0,14075602.0,10682663.0,2318287.0,11665358.0,9912879.0
WN,2016-03,112003.0,110920.0,16258837.0,13221532.0,2608671.0,13725569.0,11718303.0
WN,2016-04,107855.0,107076.0,15711587.0,12736132.0,2597554.0,13141959.0,11225489.0
WN,2016-05,109847.0,109626.0,16105797.0,13386640.0,2425110.0,13362435.0,11406422.0
WN,2016-06,112286.0,111183.0,16349536.0,13773120.0,2681479.0,13756798.0,11705949.0
WN,2016-07,115208.0,112236.0,16512127.0,13756964.0,2641789.0,13949467.0,11871809.0
WN,2016-08,110775.0,110403.0,16296386.0,13098053.0,2631357.0,13386870.0,11341453.0
WN,2016-09,104083.0,103967.0,15400600.0,12468554.0,2273178.0,12448875.0,10579166.0
WN,2016-10,108278.0,107478.0,15938506.0,13162586.0,2227700.0,12945809.0,11001657.0
WN,2016-11,106924.0,106894.0,15855986.0,13055690.0,2738435.0,12925373.0,10990564.0
WN,2016-12,110806.0,109155.0,16215563.0,12939576.0,2714000.0,13485430.0,11412278.0
WN,2017-01,107785.0,105709.0,15678429.0,11373483.0,2753061.0,13064048.0,11045465.0
WN,2017-02,95741.0,94619.0,14038593.0,10692777.0,2442013.0,11584617.0,9848227.0
WN,2017-03,115144.0,113223.0,16816521.0,13645056.0,2740747.0,14083924.0,11989051.0
WN,2017-04,112223.0,111573.0,16581565.0,13511702.0,2816447.0,13913508.0,11875459.0
WN,2017-05,113239.0,112897.0,16742593.0,13804837.0,2498974.0,13802531.0,11705009.0
WN,2017-06,115235.0,114390.0,16999394.0,14353229.0,2807085.0,14143313.0,11952600.0
WN,2017-07,117975.0,117423.0,17489983.0,14696385.0,2763773.0,14542038.0,12262537.0
WN,2017-08,116158.0,113088.0,16859058.0,13767693.0,2795112.0,13894684.0,11646030.0
WN,2017-09,105614.0,102399.0,15286059.0,12081605.0,2468203.0,12140549.0,10226323.0
WN,2017-10,110262.0,109761.0,16473583.0,13644464.0,1939223.0,13025265.0,10972313.0
WN,2017-11,109016.0,108700.0,16329252.0,13657031.0,2204290.0,13022521.0,11042409.0
WN,2017-12,111052.0,110182.0,16572506.0,13395934.0,2163993.0,13436765.0,11325151.0
WN,2018-01,109676.0,107367.0,16173417.0,12038611.0,2239476.0,13069980.0,11003757.0
WN,2018-02,97017.0,95133.0,14339059.0,11241718.0,2147452.0,11690901.0,9840533.0
WN,2018-03,116420.0,114287.0,17229825.0,14284553.0,2273682.0,14199014.0,12045372.0
WN,2018-04,114116.0,113056.0,17052928.0,13779757.0,2378008.0,13978711.0,11836357.0
WN,2018-05,116849.0,115664.0,17443600.0,14446854.0,2300466.0,14207642.0,12004768.0
WN,2018-06,115939.0,115016.0,17296632.0,14645926.0,3205259.0,14253777.0,12051969.0
WN,2018-07,120114.0,118353.0,17801439.0,14843722.0,3100024.0,14730764.0,12443694.0
WN,2018-08,115534.0,113930.0,17146838.0,13977153.0,3251084.0,13915682.0,11724320.0
WN,2018-09,106972.0,106172.0,16013892.0,12537866.0,2947168.0,12820918.0,10833519.0
WN,2018-10,114663.0,114244.0,17226556.0,14089978.0,3037034.0,13861278.0,11711479.0
WN,2018-11,112224.0,111471.0,16879649.0,13946927.0,3294848.0,13811180.0,11677619.0
WN,2018-12,113027.0,112308.0,16996684.0,13549625.0,3348035.0,13963695.0,11790667.0
WN,2019-01,111312.0,107504.0,16330608.0,11900098.0,3292512.0,13276204.0,11123798.0
WN,2019-02,99500.0,95154.0,14468046.0,11319734.0,3051864.0,11868431.0,9927262.0
WN,2019-03,119413.0,114256.0,17255984.0,14325015.0,3250567.0,14227034.0,12058289.0
WN,2019-04,115401.0,110990.0,16729650.0,13742788.0,2547094.0,13635988.0,11566643.0
